Marcas,2023 Diciembre,2023 Ene - Dic,2024 Diciembre,2024 Ene - Dic
CHEVROLET,1424,23048,1431,19969
KIA,1230,21887,1254,16727
TOYOTA,656,9548,499,6654
HYUNDAI,491,7140,301,5158
CHERY,402,6688,323,4718
SUZUKI,405,3993,337,4198
RENAULT,249,4857,266,3671
GWM,404,3494,659,3608
JAC,303,4520,278,2969
DFSK,209,3284,201,2626
VOLKSWAGEN,195,3076,124,2569
NISSAN,162,2475,176,2560
HINO,187,2566,240,2532
MAZDA,143,2914,181,2430
SHINERAY,281,4408,185,2318
DONGFENG,145,2306,158,2152
SINOTRUK,151,1423,203,1984
JETOUR,288,3345,162,1825
FORD,192,2345,120,1705
CHANGAN,128,1893,214,1591
OTRAS,1408,17178,1389,16302
TOTAL,9053,132388,8701,108266
