Marca,ago-25,ago-26,Ene-Ago 25,Ene-Ago 26
KIA,1741,2527,12577,17382
CHEVROLET,1222,1626,10578,12571
GWM,444,688,3871,5783
HYUNDAI,735,659,4756,5628
TOYOTA,510,716,3984,5378
CHERY,498,768,3535,5196
DONGFENG,362,493,2048,3044
JAC,369,514,2344,3784
BYD,247,850,1353,3588
SUZUKI,372,605,3050,3524
SINOTRUK,274,463,2005,3440
DFSK,289,422,1861,3076
JETOUR,189,358,1185,2477
MAZDA,241,286,1744,2285
VOLKSWAGEN,192,288,1519,1845
CHANGAN,108,335,768,1673
FOTON,191,245,1262,1883
MG,97,268,674,1527
HINO,187,207,1162,1442
FORD,124,183,990,1403
OTRAS MARCAS,1869,2797,14933,19871
TOTAL,10264,15281,77116,108278
